ID,fvalues,minlogp
ID.1,NA,NA
snp1,45.8601057557271,42.248475811326
snp2,2.72942843061292,2.71525554601752
snp3,295.307806566174,197.525150438166
