ID,fvalues,minlogp
snp.1,45.8601057557271,42.248475811326
snp.2,2.72942843061292,2.71525554601752
snp.3,295.307806566174,197.525150438166
