plant_sample_id,sample,polytunnel,rep,sub_block,pot_number,line_number,nottingham_name,york_accession_name,york_accession_id,cultivar_names,a-toc 1st rep,a-toc 2nd rep,y-toc  1st rep,y-toc  2nd rep,d-toc  1st rep,y-toc  2nd rep
p-0000001,1,1,1,1,1,63,BnASSYST 063,BnASSYST-328,a-0000213,Lorenz,89.0570606971,,162.276014218,,3.1141812201,210.6328779904
p-0000002,2,1,1,1,2,70,BnASSYST 270,BnASSYST-207,a-0000423,Weihenstephaner,172.7341564311,,251.7837184179,,5.4262118644,145.505298913
p-0000003,3,1,1,6,3,125,BnASSYST 045,BnASSYST-129,a-0000125,Fortis,225.4209295024,,181.3523290398,,,
p-0000004,4,1,1,6,4,289,BnASSYST 321,BnASSYST-084,a-0000370,Czyzowska,116.8381806375,213.6102980437,180.0374079755,,4.8916489234,142.5597808989
p-0000005,5,1,1,6,5,219,BnASSYST 514,BnASSYST-143,a-0000185,Dimension,268.5554945652,109.731,140.0776304348,,4.2896304348,4.1729057971
p-0000006,6,1,1,6,6,387,BnASSYST 442,BnASSYST-442,a-0000203,Hollandse Gele Roodkop,99.8589597238,172.8201668719,213.6102980437,,4.1289493671,
p-0000007,7,1,1,6,7,164,BnASSYST 169,BnASSYST-169,a-0000169,Sarepta,71.1300243446,242.1463633257,109.731,,2.6394194757,3.6122340824
p-0000008,8,1,1,6,8,9,BnASSYST 009,BnASSYST-009,a-0000009,Agalon,131.915135468,154.5371803874,172.8201668719,161.8433035714,3.7418368227,3.4219581281
